"39faf1d4-257a-11ea-9afc-02a6c2c659f8","0xb778e7848f2b4ffed293b204a6e05f1ecd661c572ed2000cbaf1fb64a05a6fdb"
"3a3f491e-257a-11ea-9afc-02a6c2c659f8","0xd9751ab5bb83f87d864e455aafd916d94b6781012fd5ac77bab0279b3c4b1639"
"3a55b71b-257a-11ea-9afc-02a6c2c659f8","0x26817300ef3a4b0d8088636166841182a87ce9a6b1e8d857a47f33cf7afc9ef8"
"3a6c1867-257a-11ea-9afc-02a6c2c659f8","0x3951eba7e70f9750836f6410ad4fa28c532643b94172a63267aaa28e26f4c1b3"
"3a82f942-257a-11ea-9afc-02a6c2c659f8","0xdfbdd3818b60e31dd814d546f53443d82bb4bc074c99b608ec902dde76a16455"
"3a8e09e7-257a-11ea-9afc-02a6c2c659f8","0x89ca30d72417749717780b56e69043ed163323ecd254a36ef4b1fa0103a0ad43"
"3aa5069d-257a-11ea-9afc-02a6c2c659f8","0x1004e924caca8766ea9cf5c7078f69e6dba039f1f434e1411a40223a497e41eb"
"3aa51365-257a-11ea-9afc-02a6c2c659f8","0x6e41decde090934a6682bb13e35f7f6998c419c7c570cfc15014d72359344611"
"3abb8833-257a-11ea-9afc-02a6c2c659f8","0x114d1419827a3640300e93adf515d80ddf7e635e6f1f57dacecb89cf547edc59"
"3ac6c666-257a-11ea-9afc-02a6c2c659f8","0x86f8542271f5a82b36d02dc1f37e97b516b8b546b7b82c192ced9efc4b4673a4"
"3ac6c669-257a-11ea-9afc-02a6c2c659f8","0x774c8c85887013aad56ae4e4b007c38ca45774b91c1bc226dddc04759a9dd791"
"3ad23ff8-257a-11ea-9afc-02a6c2c659f8","0xb0d6b3386bf89295e7ecc9e6aa77ab9df2155f59f4c5105c1b0003dea42866c4"
"3ad24701-257a-11ea-9afc-02a6c2c659f8","0xcf1231a75cbdd7e126dce58420c1a174ec287f8b2efc69f4d28731b3804166fc"
"3aff6861-257a-11ea-9afc-02a6c2c659f8","0xa9d458a68fb00a0b71af0995e1edfc3ab8f32a2d62a866589cca783114cba623"
"3b1611ad-257a-11ea-9afc-02a6c2c659f8","0x3026379f471012cfd677570352e9111a5b204c3e6db9a14060718aaeeb7a9e23"
"3b1646ed-257a-11ea-9afc-02a6c2c659f8","0xf057fcad54f3eed7ee1516d0bfbf93d79b5b29ba6f6088b900d8596f24685e30"
"3b160f3f-257a-11ea-9afc-02a6c2c659f8","0xb474f7ee2d7961ca92f41a931749d643c4f8f9112a16012568d32b94a1f80471"
"3b214317-257a-11ea-9afc-02a6c2c659f8","0x8fa86a03efb6ee901993480edfa47e5c1c8719f773dbc38c4560d2cd5f1eca1d"
"3b2ca0ed-257a-11ea-9afc-02a6c2c659f8","0xe8dd97e35d99951b099771e1a6d238beaf8b7f64224aee468c1859a6cae96829"
"3b2ca0ea-257a-11ea-9afc-02a6c2c659f8","0xb1e9c6e1bde7430a823754d3340147ece81eaeae7bbd088d001cd407bdca8f13"
"4f04f37d-257a-11ea-9afc-02a6c2c659f8","0x49ae2d85abbfb3f7accad1c0260cabbe5112e003b233d043acdef7eaf5834d1d"
"4f202f09-257a-11ea-9afc-02a6c2c659f8","0x96a117936fb11e42b745d1bb256593f7e3c20fc88c20ae05c6bff210d245080b"
"4f1ff805-257a-11ea-9afc-02a6c2c659f8","0xa13852f268ef657f23919905c4a0ff6144c27bbd58f19357246436fc68574122"
"4f3bd449-257a-11ea-9afc-02a6c2c659f8","0x8fb15b4d9b028766d9900c9c6852bce5aa58adf20785f6e1029c4e00e0736a11"
"5581304d-257a-11ea-9afc-02a6c2c659f8","0x7f5b2484ac1942fad70867fb883c6495520ff7b11da10c5a9ea6aea099456208"
"55e1072f-257a-11ea-9afc-02a6c2c659f8","0xc043c778e1f7fbfef1a08bbd570c828c7da7adb8cc18f2b8dd7e0b816a4e9a7e"
"55e1026e-257a-11ea-9afc-02a6c2c659f8","0xf86b31af313446a58dbbce245d0a2124ed5e2c2be815c377874a607ffd602c47"
"56fd2fae-257a-11ea-9afc-02a6c2c659f8","0x47db4006feb02164aad3a4cc7d9efbaf6f47256b256601025b41ddbc444d9f02"
"5b581ee5-257a-11ea-9afc-02a6c2c659f8","0x7f43c7036cc4729c1a176e7568d21b9e922cf103040f2baaf9b4953c28ef6dcb"
"5b587490-257a-11ea-9afc-02a6c2c659f8","0xb3fa625b324e432f1b960858009d187fbea087fa2b346ca1d0688faa2332b17b"
"5b5d0e45-257a-11ea-9afc-02a6c2c659f8","0xee3ba562acc9ab6fe7e7739a449ff11785e3e10736c04a2ce7eeabcb738a7343"
"5b5db2b5-257a-11ea-9afc-02a6c2c659f8","0xc964f1cc3fd1f2821575848cf522b03bb99d80a3676bac68db712938f9ab838c"
"5cfdb490-257a-11ea-9afc-02a6c2c659f8","0x1fbf9890beb12b26d7053afe265286998be1d813c2085575e14208b781b598e1"
"5d6a470b-257a-11ea-9afc-02a6c2c659f8","0x4dd24c978b6a3769ff9f5c8da75f24d50295ea185b7416af7df87a1995234545"
"5f2ff6f9-257a-11ea-9afc-02a6c2c659f8","0x18301f729d404c2c968838af79c4485ffd2478022cdb9f7d985fa89da991792e"
"5f2ffb1b-257a-11ea-9afc-02a6c2c659f8","0xe75b7a882cb30099e95f96bb08061f5d54496e8dc01910095c9150ac8272de92"
"5faafce3-257a-11ea-9afc-02a6c2c659f8","0x6841efbdd4fa6b070b78bedc1ea004b7825b233d5a1b851fa7c6c5940a371da3"
"5faafce5-257a-11ea-9afc-02a6c2c659f8","0xdcc3ae6edaf74afdff14b96a327c22db356f26c74dbe3bd6c0d84be6344cbdcb"
"5fab3f4b-257a-11ea-9afc-02a6c2c659f8","0x73200e1c60460258d4b9a0d8f323c67e617cdf29d991deb58a90dd15ba616e6c"
"610c6453-257a-11ea-9afc-02a6c2c659f8","0xd03636ce8028aa05f641fc2bc9c885d97a7b992235319d1fa8ca2a9c60c06cff"
"75cc03e4-257a-11ea-9afc-02a6c2c659f8","0x5c528d6e87ab4be6bb9ab8e411f713c59aeba11453a2f1d2aaa001d1ae03e136"
"75d6c90d-257a-11ea-9afc-02a6c2c659f8","0x34b7dada564e8575bc0965c6566aa01dc658c95f6abe6d5e5dba2c1d37c840c1"
"761c2282-257a-11ea-9afc-02a6c2c659f8","0xd779e8f028755143b3d8d0dfd54e589db3a9f3cb451d6a817f55795ef38133e7"
"7698d48e-257a-11ea-9afc-02a6c2c659f8","0x0def29369388e71a5fb779985e054a28f2a3f64d08ccb90d3e2e743de5707911"
"76a68f50-257a-11ea-9afc-02a6c2c659f8","0x0a2b0b427acf96bb2c8a107002c46a38f02ded55a67e9b3e83adcbf8e2622080"
"76a694e2-257a-11ea-9afc-02a6c2c659f8","0xa6643133bd10e6b249877990238873585f1ddbe89c17759b1d9a6b6a68a1ca41"
"76a65d4f-257a-11ea-9afc-02a6c2c659f8","0xfdc3909387512e440ba61e931d04d9ec98e897a7439bc8adfcbc555ad821e26c"
"76a6c38d-257a-11ea-9afc-02a6c2c659f8","0xe2a390f50fffecb9d6ef15d1807d0111406d59fcd804d2b06210c1d9461d7808"
"76a753b3-257a-11ea-9afc-02a6c2c659f8","0xda190e06c0cd9fba12d48cd29f46b5f0202d36c3cc605d4ffa0ea75f8ed1ebcc"
"76a7238f-257a-11ea-9afc-02a6c2c659f8","0x2c75b811e2664299f187fb7862af4fa48316bf1cf84d88b3f22a2758ccfb8f3c"
"76a727ce-257a-11ea-9afc-02a6c2c659f8","0x52a1f2c36b6040f08c228b0edb2f0fe458a01b661e20eec247193caa950068ce"
"76a783ac-257a-11ea-9afc-02a6c2c659f8","0xa2473a1c91702c85900c80e6a186eb848be4ca6b5c1c227e1c1ea763c24d3344"
"76a6f625-257a-11ea-9afc-02a6c2c659f8","0x4538b63fb5e1d727b4f7f97c5688a0b518648eb557aa06d23be7e958b5e8fbce"
"76a6c54d-257a-11ea-9afc-02a6c2c659f8","0xc48975c315d40a036ece8e188d87c35871018662ed82b51d2432c86080b4e735"
"76af5b1a-257a-11ea-9afc-02a6c2c659f8","0x8c0e229e1a7358b6f23d62ab518e10eaef891e52e1666d62c9b2fa60ae0d59e5"
"76afbe5b-257a-11ea-9afc-02a6c2c659f8","0xe998e0356c758bdd84fad5130cc25a832688cafcf64f252089843c0fb22c842e"
"76af8bcb-257a-11ea-9afc-02a6c2c659f8","0xfb5ba8ba286dd7e3ac12b060d57654d2c2e3c19f125636dd552a18a19cabae05"
"76af91fe-257a-11ea-9afc-02a6c2c659f8","0x8bda815ed91ab27e0559c10f8f598dc1521081df3935f8a7264e16bb63cbfc2e"
"76afc43a-257a-11ea-9afc-02a6c2c659f8","0xdf55c096ccbe1af407eb63345a491c58c13dcc8efa7a7dce6a7fe456f44b50f6"
"76af5e64-257a-11ea-9afc-02a6c2c659f8","0x2273c9513f6f5a8453bed51a5eac2d52547639b76deed3cfeda05d8e95d5d5e8"
"76bab163-257a-11ea-9afc-02a6c2c659f8","0x7844e2a1a7ae31b51613c4a565aa98cc0607c4406b4b10c297462d59d1de210f"
"76baa371-257a-11ea-9afc-02a6c2c659f8","0xb243f2eb80b82e0095384ae048ba82f2284513a633d491f1c0708a574be22f59"
"76bae13c-257a-11ea-9afc-02a6c2c659f8","0x58785b6b7bd16ff7eb2a1b8b920469306985aab52a9b29821df62a5f96229b6b"
"76d13eee-257a-11ea-9afc-02a6c2c659f8","0x944ead9b37cfb12a3ba65468b8fb10dabf61e3becd79f661cedd4dc7eeac055e"
"76d13eec-257a-11ea-9afc-02a6c2c659f8","0x1092501949b2b8e7ec898e988acf0946337756b6d4212f828408573c8277a6a5"
"76a6f29f-257a-11ea-9afc-02a6c2c659f8","0xe14a64e81d9ed64912fae1744bebe6f35ad642a05567a5e74aefb090b1fe888e"
"76dc75c0-257a-11ea-9afc-02a6c2c659f8","0xd3085bbde743759f295381600d832c43dee17fb462d72142e2ee6ba5ae7780d3"
"76bad949-257a-11ea-9afc-02a6c2c659f8","0x500685596e94996d4fd4aec2ee959de4588c8e892b5c3e046216343d8a910144"
"778f1d44-257a-11ea-9afc-02a6c2c659f8","0x907a087cd4326d1d865eba14586c32367b433fe598122660bbc6830ccb255722"
"b5d466ac-257a-11ea-9afc-02a6c2c659f8","0x231c2b5cd186379693ff0baf33fd6daa055994e5188807e43b91e46cb0ab7c76"
"be277e5b-257a-11ea-9afc-02a6c2c659f8","0x0facadbf9d661b0d05267d508a10d49fc3a81e9bb24341218edc71e1f7adccde"
"c0034380-257a-11ea-9afc-02a6c2c659f8","0x259817bedc851fcdb7a385320621414924dd24fbd834a7bb2f563e58e67faee2"
"c2e688b9-257a-11ea-9afc-02a6c2c659f8","0xa8979c1afbe5b32b92d76b3b375fb2e8c22676cda20515ad5a7ddfa865cf3e4c"
"c42f6f25-257a-11ea-9afc-02a6c2c659f8","0x936b965938522dd19fc1c46b3d3244d5cc03bb686aa7ae2b50a24838967883ff"
"c4aefcb0-257a-11ea-9afc-02a6c2c659f8","0xba2a1651ab37e26dd85ff9c1caa40b61db7301abefa632a4cff0e5e929896597"
"c5c551b0-257a-11ea-9afc-02a6c2c659f8","0xfd5ca47f3281e374773e6a9438d3efcfb0b7da8a584c1526c125b66e76c60fa6"
"c658a975-257a-11ea-9afc-02a6c2c659f8","0xe048d38429cfd18a42f2e875983f743f2f7ed1dcebe55d2b556188c326f7383f"
"c71c0a58-257a-11ea-9afc-02a6c2c659f8","0x95d79ef5d849e2aad8f7b375bce39e7a8cbfd4c05e5e20c514298eb655816f21"
"c82d7a22-257a-11ea-9afc-02a6c2c659f8","0x208a9a0d638d44544e45edea6f8ae52fe5964dc20e1b5c9b8a51a06a1ceceade"
"c8f9dc24-257a-11ea-9afc-02a6c2c659f8","0xf930c632b6615c6cb3892fb0e8b30d6aa0d1808310f52d88df3402a8f5c237df"
"ca2b79ed-257a-11ea-9afc-02a6c2c659f8","0xb3dda46024506e1111660a647fd64aa2f855584ac36a72e2d04537dad41f3ed4"
"caa14c81-257a-11ea-9afc-02a6c2c659f8","0xd0267937de53d2ace885359df2dba11c276b2cb6f9c42483de859fe153d30f83"
"caced39d-257a-11ea-9afc-02a6c2c659f8","0x6357da11b07eeb48abee64b77f985d6f14ec54a76869e23e0f4429735af39889"
"caf066d8-257a-11ea-9afc-02a6c2c659f8","0x2ab0e0e506fd0e4615ae2d0d7c90db3cc50b6f9bcc33fa74a5a1faa3b055367f"
"cb7c281c-257a-11ea-9afc-02a6c2c659f8","0x6c9eb37a82d9b332f606ea842ec4e87f873825fe1b7f6bfffb55eb55d8ba2856"
"cd21a4be-257a-11ea-9afc-02a6c2c659f8","0x9a902ac384a1420f67d5135f26a0910a740b735988aed0b7f3307bf4955169d2"
"cd4418cd-257a-11ea-9afc-02a6c2c659f8","0x042bd33506f1b3e50c98e871b686326f10e56e6993757370a0afd2a0e02f3772"
"cd65b14a-257a-11ea-9afc-02a6c2c659f8","0x2b59071dce856e25cfe335103a4bcc3cdb9330b2f69bfde8b32d24898036e07b"
"cd65dadc-257a-11ea-9afc-02a6c2c659f8","0x7bb7fd40fcd838c2887c6e8f801c29f7bf6e064199557b37ebb759cd3ed76e46"
"cd7133c1-257a-11ea-9afc-02a6c2c659f8","0x0dc294c1ff10de54b5873c05f90264bbeae01988826e09ca3b3f5eecd18411da"
"cd995d88-257a-11ea-9afc-02a6c2c659f8","0xb0a91fd8d69e7430b5a5d8fe4b213d74cf3572b5153c0255165b2882887d202c"
"cd991baa-257a-11ea-9afc-02a6c2c659f8","0xdcef82f162cfee991be60e6b49eeb1660487d1745c518e1efe03d805d21f82c8"
"ce2e7f35-257a-11ea-9afc-02a6c2c659f8","0xbc0b1e9e911f3f942010accd5f2454dde7a6433ebba2e9e76f77f0b4e75855ed"
"ce43bd5a-257a-11ea-9afc-02a6c2c659f8","0x4638a2b56e8617492ee5871aafd94e36db21ad418208f0924648a2b89f1ecb19"
"ce43f8df-257a-11ea-9afc-02a6c2c659f8","0x8c144e5cefc1b2fccfd9213b0402007e6e6f5fa3dbda2ef15ae1b5f399bf586a"
"ce5a8564-257a-11ea-9afc-02a6c2c659f8","0x8c45815bae32eb06b58e646e62471cb7fb6dfdacaaa96cbff11683a7ea2d9ebb"
"ce711280-257a-11ea-9afc-02a6c2c659f8","0x3f93f70ede6bf4ee87d5290ab20749c169c821c7331f7095f5fffc14981e5d20"
"cecbc04f-257a-11ea-9afc-02a6c2c659f8","0x48fb31c2e72340c378000f885fee8144003f1bb0f38c27a8275512ba19a7993d"
"cf3d1610-257a-11ea-9afc-02a6c2c659f8","0x6606f720923b2416b2a046a7c5966f89d9f7b03067086ae647d00ae149e74baf"
"cf6a7bae-257a-11ea-9afc-02a6c2c659f8","0x116a7e0a8e6b7274cc76fa49ecf34f11a3b95a0e0a5d8ffb76968ee76533ff59"
"cf815ade-257a-11ea-9afc-02a6c2c659f8","0x52f3614a9ea4e417002a4af264ab3c0e2943cd0d0f5229450bb39a3419fdac68"
"cfba44b5-257a-11ea-9afc-02a6c2c659f8","0xe17de68e3f44a810e85a0c2889df21ef536ca0cd21bc625bc50db4ec367fc0d0"
"cfc550c5-257a-11ea-9afc-02a6c2c659f8","0x0358b55fdd265171cecc5f6bbc7d64736684ee4de90c8e82e0eab6b023ff629e"
"cfd0f8fd-257a-11ea-9afc-02a6c2c659f8","0xfcb12ae3da0405fb0c5b809db9b49f5bb920f58ef45283a2a6c37462d766e14c"
"cffe4fb1-257a-11ea-9afc-02a6c2c659f8","0xbd5a255ac2114b66e6b34a8a9c9fe3be4409c49f80d2c07d2c12d61aef3f0072"
"d0096c39-257a-11ea-9afc-02a6c2c659f8","0xbf1a30df5f85073a4ae5babe1245c114092b7e738f4a854a567ab88eda62bdab"
"d0096c3c-257a-11ea-9afc-02a6c2c659f8","0xdac0534f3dfb0554cb8875ca2484b8c8dac0e98085aff1d3b7a81bad9ffc8d4d"
"d01507cb-257a-11ea-9afc-02a6c2c659f8","0x283e5cc17bab91640544ccd7efa677ec12e6dcd1d2ab1f9cc817ca80bf9eb435"
"d02009ee-257a-11ea-9afc-02a6c2c659f8","0x6ccc4b581e4b2953db2f4afbebc954fd666b292f9f637ae83d384f86e6bac577"
"d0312ba2-257a-11ea-9afc-02a6c2c659f8","0x4ff13efe4a09084ed93d1d4b845b948ab74029a6d982852ac2f6e6d61cbf67c1"
"d03133a6-257a-11ea-9afc-02a6c2c659f8","0x066ada2ca0506574912816ba9d896c332489ede80f811875816e2d1a5712cbbb"
"d036a9b3-257a-11ea-9afc-02a6c2c659f8","0xcf6e855009505935bd2d0c9df657f3f523a01692dec293abfee5777222117bd6"
"d058aa1f-257a-11ea-9afc-02a6c2c659f8","0x0fa0e6f9374840b42669a98f2410b58b80b61963907ab9840b3aad77ba21f1cd"
"d063ed5f-257a-11ea-9afc-02a6c2c659f8","0x113f20732c3ce31355409e980bbc1282a8287c3f76d74807f9115415350eaaef"
"d085c62e-257a-11ea-9afc-02a6c2c659f8","0x6d4269ea13c3ebdc72250f6d00a275fc5746dfe56d36897be716660663f9278d"
"d085936c-257a-11ea-9afc-02a6c2c659f8","0x9dbf678151577a0aa67e3ef068bd6e3eb8034222ae97ae4cb116337f4a8c21f7"
"d085c614-257a-11ea-9afc-02a6c2c659f8","0xbd0d9b900c93fbf5cc2c3449d510ac76880c87748595a618afe337edbcfaa423"
"d0922acd-257a-11ea-9afc-02a6c2c659f8","0x39e7eacd114014e0f4083d2d65e1e5a0265b48d8d1a0d3e1056ebe8876dd29a8"
"d0935506-257a-11ea-9afc-02a6c2c659f8","0xb1edf847f12c8c7837cd57549092300f91c46557c57e506f46c48ebd94750013"
"28113169-2674-11ea-9afc-02a6c2c659f8","0xba22a0a5861fff6750f6d18993577082717efe7a41ec49e41bacb93479cf89c5"
"284e8a11-2674-11ea-9afc-02a6c2c659f8","0x7ed4d6c6cfab0e72ce9e62d1699385db06fb3fbb13a6d29de529c5a05b9acfc0"
"a0a7aad0-2674-11ea-9afc-02a6c2c659f8","0xd58ef1d3c7e944aa632d3905528e64e7244906ff41bc9474a06358d4ca2f7d63"
"a0ae7bb0-2674-11ea-9afc-02a6c2c659f8","0x348b8e9d00aa268abd88ea1e00b717c2a7a43c7d60dd7b0f5620ea4f2fa5f1a7"
"a0ae7e6c-2674-11ea-9afc-02a6c2c659f8","0x9a165f6a9cf889b4ef1713d7ea854b700373f70b43901ed604b36cea3d3b814e"
"a0b2c3de-2674-11ea-9afc-02a6c2c659f8","0x7896efbe9d366279270e67703cb85826e24b09738636f72a8d52a88596910183"
"a0b2d494-2674-11ea-9afc-02a6c2c659f8","0xed19080cb493af045b234edf8380f9c12e11811b4b8a45e7513c1f618a5a7aa5"
"a0bdb697-2674-11ea-9afc-02a6c2c659f8","0x43aa57ac9c60a7446c40ab28eb74cf2d50059a92b4453759868868af8885cda9"
"a0bdb916-2674-11ea-9afc-02a6c2c659f8","0xdd7391d4d0c8a7ba77f92a397425c068092a974ba22c5c68d1183c5d14ed89b8"
"a11895d9-2674-11ea-9afc-02a6c2c659f8","0x5fd90ce61cd94d2fc159698ab8390bccf42ccb82d426668b8fa41b082cea814d"
"a2a5218a-2674-11ea-9afc-02a6c2c659f8","0x7eda0fbdeefa635fd9070e40e8b77e4ad1f6cf66270315df22cf669683baf10c"
"a2eda78d-2674-11ea-9afc-02a6c2c659f8","0x1601f1327c0d4c052e746bd1e22cdd4b1f70c869256e50c06970f131c7b463a2"
"d9998375-2741-11ea-9afc-02a6c2c659f8","0x3ae64ee37608b1583da41ac179d435462023e7f7f0248c0666eb88070482a73a"
"d9b9882a-2741-11ea-9afc-02a6c2c659f8","0x744f076eb75d916e27180ec31e2a3f697bdc1d78a21bef0d3d440c64fee15367"
"d9ad777c-2741-11ea-9afc-02a6c2c659f8","0xba1a58865e781b3483c9cab341f606b5829d88c529efd88fed20fd64d73c7f96"
"d9ad70db-2741-11ea-9afc-02a6c2c659f8","0x6d0a41430524863c5218340e2106a746da1049b5bbe426e483cd82afee47f529"
"da75f66c-2741-11ea-9afc-02a6c2c659f8","0x4a4c40227ea3b858153a5f9f94e97eaa63cfebd3089083ab7f7496c9a556ae7e"
"daa718ca-2741-11ea-9afc-02a6c2c659f8","0xe65b6216d24eab7fa877f649c3ec188f801b5f276b3a9455c5a1e04e40a2877d"
"db82c3fb-2741-11ea-9afc-02a6c2c659f8","0x5484ee7d2b427bbb76e2b8d5d140e635be3c1848684813da2dd2c6da88fb10eb"
"dd3faa36-2741-11ea-9afc-02a6c2c659f8","0x5b7e3d76896aa684a2d5bd4a23a717ab502d77fd64711f85acc73ecae46d34f5"
"e74eecf9-2741-11ea-9afc-02a6c2c659f8","0x6cb04139045aea7851aa04b0c772aa7a67c7b3b8aefd6eaec1167ee4fb43192b"
"e8b44f45-2741-11ea-9afc-02a6c2c659f8","0xd57f2bd3dc8d2116f54b582eeba090719046168cc6955431312bb9a1d70d04dd"
"e8b44f47-2741-11ea-9afc-02a6c2c659f8","0xf5421d9c32fd45f0d635af51cc3060b5f7495147f5ed8d2f7415994b60f3c169"